<?xml version="1.0"?>
<config>
    <sections>
        <aw_sarp2 module="aw_sarp2">
            <label>Subscriptions and Recurring Payments</label>
            <tab>awall</tab>
            <frontend_type>text</frontend_type>
            <sort_order>100</sort_order>
            <show_in_default>1</show_in_default>
            <show_in_website>1</show_in_website>
            <show_in_store>1</show_in_store>
            <groups>
                <settings translate="label">
                    <label>General Settings</label>
                    <frontend_type>text</frontend_type>
                    <sort_order>10</sort_order>
                    <show_in_default>1</show_in_default>
                    <show_in_website>1</show_in_website>
                    <show_in_store>1</show_in_store>
                    <fields>
                        <enabled translate="label">
                            <label>Enabled</label>
                            <frontend_type>select</frontend_type>
                            <source_model>adminhtml/system_config_source_yesno</source_model>
                            <sort_order>10</sort_order>
                            <show_in_default>1</show_in_default>
                            <show_in_website>1</show_in_website>
                            <show_in_store>1</show_in_store>
                        </enabled>
                        <subscription_engine translate="label">
                            <label>Subscription Engine</label>
                            <frontend_type>select</frontend_type>
                            <source_model>aw_sarp2/source_engine</source_model>
                            <sort_order>20</sort_order>
                            <show_in_default>1</show_in_default>
                            <show_in_website>1</show_in_website>
                            <show_in_store>0</show_in_store>
                        </subscription_engine>
                        <notifications_sender translate="label">
                            <label>Notifications sender</label>
                            <frontend_type>select</frontend_type>
                            <source_model>adminhtml/system_config_source_email_identity</source_model>
                            <sort_order>30</sort_order>
                            <show_in_default>1</show_in_default>
                            <show_in_website>1</show_in_website>
                            <show_in_store>1</show_in_store>
                        </notifications_sender>
                        <apply_tax_on_trial translate="label">
                            <label>Apply tax on trial amount</label>
                            <frontend_type>select</frontend_type>
                            <source_model>adminhtml/system_config_source_yesno</source_model>
                            <sort_order>40</sort_order>
                            <show_in_website>1</show_in_website>
                            <show_in_default>1</show_in_default>
                        </apply_tax_on_trial>
                        <apply_tax_on_shipping translate="label">
                            <label>Apply tax on shipping amount</label>
                            <frontend_type>select</frontend_type>
                            <source_model>adminhtml/system_config_source_yesno</source_model>
                            <sort_order>50</sort_order>
                            <show_in_website>1</show_in_website>
                            <show_in_default>1</show_in_default>
                        </apply_tax_on_shipping>
                    </fields>
                </settings>
                <advanced translate="label">
                    <label>Advanced Settings</label>
                    <frontend_type>text</frontend_type>
                    <sort_order>20</sort_order>
                    <show_in_default>1</show_in_default>
                    <show_in_website>1</show_in_website>
                    <show_in_store>1</show_in_store>
                    <fields>
                        <flushbutton>
                            <frontend_model>aw_sarp2/adminhtml_system_configuration_flushbutton</frontend_model>
                            <sort_order>30</sort_order>
                            <show_in_default>1</show_in_default>
                            <show_in_website>1</show_in_website>
                            <show_in_store>1</show_in_store>
                        </flushbutton>
                    </fields>
                </advanced>
            </groups>
        </aw_sarp2>
        <payment>
            <groups>
                <authorizenet>
                    <fields>
                        <md5_hash translate="label">
                            <label>MD5 Hash value</label>
                            <frontend_type>obscure</frontend_type>
                            <backend_model>adminhtml/system_config_backend_encrypted</backend_model>
                            <sort_order>4</sort_order>
                            <show_in_default>1</show_in_default>
                            <show_in_website>1</show_in_website>
                            <show_in_store>0</show_in_store>
                        </md5_hash>
                    </fields>
                </authorizenet>
                <eway_recurring translate="label" module="aw_sarp2">
                    <label>eWAY Recurring</label>
                    <frontend_type>text</frontend_type>
                    <sort_order>220</sort_order>
                    <show_in_default>1</show_in_default>
                    <show_in_website>1</show_in_website>
                    <show_in_store>0</show_in_store>
                    <fields>
                        <active translate="label">
                            <label>Enabled</label>
                            <frontend_type>select</frontend_type>
                            <source_model>adminhtml/system_config_source_yesno</source_model>
                            <sort_order>1</sort_order>
                            <show_in_default>1</show_in_default>
                            <show_in_website>1</show_in_website>
                            <show_in_store>0</show_in_store>
                        </active>
                        <title translate="label">
                            <label>Title</label>
                            <frontend_type>text</frontend_type>
                            <sort_order>2</sort_order>
                            <show_in_default>1</show_in_default>
                            <show_in_website>1</show_in_website>
                            <show_in_store>1</show_in_store>
                        </title>
                        <customer_id translate="label">
                            <label>CustomerID</label>
                            <frontend_type>text</frontend_type>
                            <sort_order>3</sort_order>
                            <show_in_default>1</show_in_default>
                            <show_in_website>1</show_in_website>
                            <show_in_store>0</show_in_store>
                        </customer_id>
                        <username translate="label">
                            <label>Username</label>
                            <frontend_type>text</frontend_type>
                            <sort_order>4</sort_order>
                            <show_in_default>1</show_in_default>
                            <show_in_website>1</show_in_website>
                            <show_in_store>0</show_in_store>
                        </username>
                        <password translate="label">
                            <label>Password</label>
                            <frontend_type>password</frontend_type>
                            <sort_order>5</sort_order>
                            <show_in_default>1</show_in_default>
                            <show_in_website>1</show_in_website>
                            <show_in_store>0</show_in_store>
                        </password>
                        <currency translate="label">
                            <label>Accepted currency</label>
                            <frontend_type>select</frontend_type>
                            <source_model>adminhtml/system_config_source_currency</source_model>
                            <sort_order>6</sort_order>
                            <show_in_default>1</show_in_default>
                            <show_in_website>1</show_in_website>
                            <show_in_store>0</show_in_store>
                        </currency>
                        <cctypes translate="label">
                            <label>Credit Card Types</label>
                            <frontend_type>multiselect</frontend_type>
                            <source_model>aw_sarp2/engine_eway_source_cctype</source_model>
                            <sort_order>7</sort_order>
                            <show_in_default>1</show_in_default>
                            <show_in_website>1</show_in_website>
                            <show_in_store>0</show_in_store>
                        </cctypes>
                        <allowspecific translate="label">
                            <label>Payment from applicable countries</label>
                            <frontend_type>allowspecific</frontend_type>
                            <sort_order>8</sort_order>
                            <source_model>adminhtml/system_config_source_payment_allspecificcountries</source_model>
                            <show_in_default>1</show_in_default>
                            <show_in_website>1</show_in_website>
                            <show_in_store>0</show_in_store>
                        </allowspecific>
                        <specificcountry translate="label">
                            <label>Payment from Specific countries</label>
                            <frontend_type>multiselect</frontend_type>
                            <sort_order>9</sort_order>
                            <source_model>adminhtml/system_config_source_country</source_model>
                            <show_in_default>1</show_in_default>
                            <show_in_website>1</show_in_website>
                            <show_in_store>0</show_in_store>
                        </specificcountry>
                        <sandbox_flag translate="label">
                            <label>Sandbox Mode</label>
                            <frontend_type>select</frontend_type>
                            <source_model>adminhtml/system_config_source_yesno</source_model>
                            <sort_order>10</sort_order>
                            <show_in_default>1</show_in_default>
                            <show_in_website>1</show_in_website>
                            <show_in_store>0</show_in_store>
                        </sandbox_flag>
                    </fields>
                </eway_recurring>
            </groups>
        </payment>
    </sections>
</config>