<?xml version="1.0"?>
<config>
    <tabs>
        <mageworld translate="label">
            <label>Mage World</label>
            <sort_order>300</sort_order>
        </mageworld>
    </tabs>
    <sections>
        <ddate translate="label" module="ddate">
            <label>Delivery Date</label>
            <tab>mageworld</tab>
            <frontend_type>text</frontend_type>
            <sort_order>100</sort_order>
            <show_in_default>1</show_in_default>
            <show_in_website>1</show_in_website>
            <show_in_store>1</show_in_store>
            <groups>                
                <info translate="label">
                    <label>General</label>
                    <frontend_type>text</frontend_type>
                    <sort_order>10</sort_order>
                    <show_in_default>1</show_in_default>
                    <show_in_website>1</show_in_website>
                    <show_in_store>1</show_in_store>
                    <fields>
						<formatdate translate="label">
                            <label>Format Date</label>
                            <frontend_type>select</frontend_type>
							<source_model>ddate/system_formatdate</source_model>
                            <sort_order>1</sort_order>
                            <show_in_default>1</show_in_default>
                            <show_in_website>1</show_in_website>
                            <show_in_store>1</show_in_store>
							<comment></comment>
                        </formatdate>
                        <weeks translate="label">
                            <label>Weeks</label>
                            <frontend_type>text</frontend_type>
                            <sort_order>2</sort_order>
                            <show_in_default>1</show_in_default>
                            <show_in_website>1</show_in_website>
                            <show_in_store>1</show_in_store>
                        </weeks>
                        <maximum_bookings translate="label">
                            <label>Default max deliveries per slot</label>
                            <frontend_type>text</frontend_type>
                            <sort_order>5</sort_order>
                            <show_in_default>1</show_in_default>
                            <show_in_website>1</show_in_website>
                            <show_in_store>1</show_in_store>
                        </maximum_bookings>
                        <delay translate="label">
                            <label>Delay (hour)</label>
                            <frontend_type>text</frontend_type>
                            <sort_order>6</sort_order>
                            <show_in_default>1</show_in_default>
                            <show_in_website>1</show_in_website>
                            <show_in_store>1</show_in_store>
                        </delay>
                        <first_column_header translate="label">
                            <label>First Column Header</label>
                            <frontend_type>text</frontend_type>
                            <sort_order>10</sort_order>
                            <show_in_default>1</show_in_default>
                            <show_in_website>1</show_in_website>
                            <show_in_store>1</show_in_store>
                            <comment>max 40 characters</comment>
                        </first_column_header>
                        <deliver_saturdays translate="label">
                            <label>Deliver Saturdays</label>
                            <frontend_type>select</frontend_type>
                            <source_model>adminhtml/system_config_source_yesno</source_model>
                            <sort_order>52</sort_order>
                            <show_in_default>1</show_in_default>
                            <show_in_website>1</show_in_website>
                            <show_in_store>1</show_in_store>
                        </deliver_saturdays>
                        <deliver_sundays translate="label">
                            <label>Deliver Sundays</label>
                            <frontend_type>select</frontend_type>
                            <source_model>adminhtml/system_config_source_yesno</source_model>
                            <sort_order>55</sort_order>
                            <show_in_default>1</show_in_default>
                            <show_in_website>1</show_in_website>
                            <show_in_store>1</show_in_store>
                        </deliver_sundays>
                        <special_days translate="label">
                            <label>List Special Day(not delivery)</label>
                            <frontend_type>text</frontend_type>
                            <sort_order>56</sort_order>
                            <show_in_default>1</show_in_default>
                            <show_in_website>1</show_in_website>
                            <show_in_store>1</show_in_store>
                            <comment>Example: 2010-09-02;2010-12-15;2010-10-10;</comment>
                        </special_days>
                        <calender_display translate="label">
                            <label>Calender Display</label>
                            <frontend_type>select</frontend_type>
                            <source_model>ddate/calender</source_model>
                            <sort_order>60</sort_order>
                            <show_in_default>1</show_in_default>
                            <show_in_website>1</show_in_website>
                            <show_in_store>1</show_in_store>
                        </calender_display>
                        <dayoff>
                            <label>Using day off</label>
                            <frontend_type>select</frontend_type>
                            <source_model>adminhtml/system_config_source_yesno</source_model>
                            <sort_order>62</sort_order>
                            <show_in_default>1</show_in_default>
                            <show_in_website>1</show_in_website>
                            <show_in_store>1</show_in_store>
                        </dayoff>
                        <comment translate="label">
                            <label>Enable Comment</label>
                            <frontend_type>select</frontend_type>
                            <source_model>adminhtml/system_config_source_yesno</source_model>
                            <sort_order>65</sort_order>
                            <show_in_default>1</show_in_default>
                            <show_in_website>1</show_in_website>
                            <show_in_store>1</show_in_store>
                        </comment>
                        <disable_base_firststlot translate="label">
                            <label>Disable based on the fisrt slot</label>
                            <frontend_type>select</frontend_type>
                            <source_model>adminhtml/system_config_source_yesno</source_model>
                            <sort_order>66</sort_order>
                            <show_in_default>1</show_in_default>
                            <show_in_website>1</show_in_website>
                            <show_in_store>1</show_in_store>
                            <comment>Notice: If it's enable and customer can not select the first slot time on a specified day(not in full slot) then other slots on same day be disable</comment>
                        </disable_base_firststlot>
                        <description translate="label">
                            <label>Description</label>
                            <frontend_type>textarea</frontend_type>
                            <sort_order>70</sort_order>
                            <show_in_default>1</show_in_default>
                            <show_in_website>1</show_in_website>
                            <show_in_store>1</show_in_store>
                        </description>
                    </fields>
                </info>
            </groups>
        </ddate>
    </sections>
</config>