<?xml version="1.0"?>
<config>
	<acl>
		<resources>
			<admin>
				<children>
					<system>
						<children>
							<config>
								<children>
									<smushit>
										<title>Smush.it</title>
										<sort_order>990</sort_order>
									</smushit>
								</children>
							</config>
							<tools>
								<children>
									<smushit>
										<title>Smush.it</title>
										<sort_order>999</sort_order>
									</smushit>
								</children>
							</tools>
						</children>
					</system>
				</children>
			</admin>
		</resources>
	</acl>
	<menu>
		<system>
			<children>
				<tools>
					<children>
						<smushit>
							<title>Smush.it</title>
							<sort_order>999</sort_order>
							<action>adminhtml/smushit</action>
						</smushit>
					</children>
				</tools>
			</children>
		</system>
	</menu>
</config>